Status game,Score,Time,Lives
Lose,87,13.319339,1
Lose,94,15.658937,2
Win,100,17.998535,3
Win,100,20.338135,4
Win,100,22.677732,5
