Status game,Score,Time,Lives
1,100,29.22577,3
1,100,25.34443,4
0,58,9.91556,1
0,70,17.53659,5
1,100,25.19059,4
0,93,25.66911,5
0,87,20.97476,5
0,66,15.69749,4
0,58,12.89594,1
0,58,9.34876,3
0,81,17.62639,5
1,100,25.27382,4
