Status game,Score,Time,Lives
Win,100,29.22577,3
Win,100,25.34443,4
Lose,58,9.91556,1
Lose,70,17.53659,5
Win,100,25.19059,4
Lose,93,25.66911,5
Lose,87,20.97476,5
Lose,66,15.69749,4
Lose,58,12.89594,1
Lose,58,9.34876,3
Lose,81,17.62639,5
Win,100,25.27382,4
